datetime,balance,equity
2026-01-26 09:30:00-05:00,10000.0,10000.0
2026-01-26 09:45:00-05:00,10000.0,10000.0
2026-01-26 10:00:00-05:00,10000.0,10000.0
2026-01-26 10:15:00-05:00,10000.0,10000.0
2026-01-26 10:30:00-05:00,10000.0,10000.0
2026-01-26 10:45:00-05:00,10000.0,10000.0
2026-01-26 11:00:00-05:00,10000.0,10000.0
2026-01-26 11:15:00-05:00,10000.0,10000.0
2026-01-26 11:30:00-05:00,10000.0,10000.0
2026-01-26 11:45:00-05:00,10000.0,10000.0
2026-01-26 12:00:00-05:00,10000.0,10000.0
2026-01-26 12:15:00-05:00,10000.0,10000.0
2026-01-26 12:30:00-05:00,10000.0,10000.0
2026-01-26 12:45:00-05:00,10000.0,10000.0
2026-01-26 13:00:00-05:00,10000.0,10000.0
2026-01-26 13:15:00-05:00,10000.0,10000.0
2026-01-26 13:30:00-05:00,10000.0,10000.0
2026-01-26 13:45:00-05:00,10000.0,10000.0
2026-01-26 14:00:00-05:00,10000.0,10000.0
2026-01-26 14:15:00-05:00,10000.0,10000.0
2026-01-26 14:30:00-05:00,10000.0,10000.0
2026-01-26 14:45:00-05:00,10000.0,10000.0
2026-01-26 15:00:00-05:00,10000.0,10000.0
2026-01-26 15:15:00-05:00,10000.0,10000.0
2026-01-26 15:30:00-05:00,10000.0,10000.0
2026-01-26 15:45:00-05:00,10000.0,10000.0
2026-01-27 09:30:00-05:00,10000.0,10000.0
2026-01-27 09:45:00-05:00,10000.0,10000.0
2026-01-27 10:00:00-05:00,10000.0,10000.0
2026-01-27 10:15:00-05:00,10000.0,10000.0
2026-01-27 10:30:00-05:00,10000.0,10000.0
2026-01-27 10:45:00-05:00,10000.0,10000.0
2026-01-27 11:00:00-05:00,10000.0,10000.0
2026-01-27 11:15:00-05:00,10000.0,10000.0
2026-01-27 11:30:00-05:00,10000.0,10000.0
2026-01-27 11:45:00-05:00,10000.0,10000.0
2026-01-27 12:00:00-05:00,10000.0,10000.0
2026-01-27 12:15:00-05:00,10000.0,10000.0
2026-01-27 12:30:00-05:00,10000.0,10000.0
2026-01-27 12:45:00-05:00,10000.0,10000.0
2026-01-27 13:00:00-05:00,10000.0,10000.0
2026-01-27 13:15:00-05:00,10000.0,10000.0
2026-01-27 13:30:00-05:00,10000.0,10000.0
2026-01-27 13:45:00-05:00,10000.0,10000.0
2026-01-27 14:00:00-05:00,10000.0,10000.0
2026-01-27 14:15:00-05:00,10000.0,10000.0
2026-01-27 14:30:00-05:00,10000.0,10000.0
2026-01-27 14:45:00-05:00,10000.0,10000.0
2026-01-27 15:00:00-05:00,10000.0,10000.0
2026-01-27 15:15:00-05:00,10000.0,10000.0
2026-01-27 15:30:00-05:00,10000.0,10000.0
2026-01-27 15:45:00-05:00,10000.0,10000.0
2026-01-28 09:30:00-05:00,10000.0,10000.0
2026-01-28 09:45:00-05:00,10000.0,10000.0
2026-01-28 10:00:00-05:00,10000.0,10000.0
2026-01-28 10:15:00-05:00,10000.0,10000.0
2026-01-28 10:30:00-05:00,9920.0,9926.299134489254
2026-01-28 10:45:00-05:00,9920.0,9967.900696989254
2026-01-28 11:00:00-05:00,9920.0,9927.099915739254
2026-01-28 11:15:00-05:00,9920.0,9928.701478239254
2026-01-28 11:30:00-05:00,9920.0,10045.898743864254
2026-01-28 11:45:00-05:00,9920.0,10055.898743864254
2026-01-28 12:00:00-05:00,9920.0,9988.877259489254
2026-01-28 12:15:00-05:00,9920.0,10038.301087614254
2026-01-28 12:30:00-05:00,9920.0,10027.900696989254
2026-01-28 12:45:00-05:00,9920.0,10009.497376676754
2026-01-28 13:00:00-05:00,9920.0,9973.501282926754
2026-01-28 13:15:00-05:00,9920.0,9971.899720426754
2026-01-28 13:30:00-05:00,9920.0,9979.101868864254
2026-01-28 13:45:00-05:00,9920.0,9951.098939176754
2026-01-28 14:00:00-05:00,9920.0,10003.901673551754
2026-01-28 14:15:00-05:00,9920.0,10043.901673551754
2026-01-28 14:30:00-05:00,9920.0,9996.699525114254
2026-01-28 14:45:00-05:00,9920.0,9971.738587614254
2026-01-28 15:00:00-05:00,9920.0,9899.497376676754
2026-01-28 15:15:00-05:00,9920.0,9944.707337614254
2026-01-28 15:30:00-05:00,9920.0,9979.106751676754
2026-01-28 15:45:00-05:00,9920.0,9991.098939176754
2026-01-29 09:30:00-05:00,9920.0,10368.301087614254
2026-01-29 09:45:00-05:00,10314.995729916009,10314.995729916009
2026-01-29 10:00:00-05:00,10314.995729916009,10314.995729916009
2026-01-29 10:15:00-05:00,10314.995729916009,10314.995729916009
2026-01-29 10:30:00-05:00,10314.995729916009,10314.995729916009
2026-01-29 10:45:00-05:00,10314.995729916009,10314.995729916009
2026-01-29 11:00:00-05:00,10314.995729916009,10314.995729916009
2026-01-29 11:15:00-05:00,10314.995729916009,10314.995729916009
2026-01-29 11:30:00-05:00,10314.995729916009,10314.995729916009
2026-01-29 11:45:00-05:00,10314.995729916009,10314.995729916009
2026-01-29 12:00:00-05:00,10314.995729916009,10314.995729916009
2026-01-29 12:15:00-05:00,10314.995729916009,10314.995729916009
2026-01-29 12:30:00-05:00,10314.995729916009,10314.995729916009
2026-01-29 12:45:00-05:00,10314.995729916009,10314.995729916009
2026-01-29 13:00:00-05:00,10314.995729916009,10314.995729916009
2026-01-29 13:15:00-05:00,10314.995729916009,10314.995729916009
2026-01-29 13:30:00-05:00,10314.995729916009,10314.995729916009
2026-01-29 13:45:00-05:00,10314.995729916009,10314.995729916009
2026-01-29 14:00:00-05:00,10314.995729916009,10314.995729916009
2026-01-29 14:15:00-05:00,10314.995729916009,10314.995729916009
2026-01-29 14:30:00-05:00,10314.995729916009,10314.995729916009
2026-01-29 14:45:00-05:00,10314.995729916009,10314.995729916009
2026-01-29 15:00:00-05:00,10314.995729916009,10314.995729916009
2026-01-29 15:15:00-05:00,10314.995729916009,10314.995729916009
2026-01-29 15:30:00-05:00,10314.995729916009,10314.995729916009
2026-01-29 15:45:00-05:00,10314.995729916009,10314.995729916009
2026-01-30 09:30:00-05:00,10314.995729916009,10314.995729916009
2026-01-30 09:45:00-05:00,10314.995729916009,10314.995729916009
2026-01-30 10:00:00-05:00,10314.995729916009,10314.995729916009
2026-01-30 10:15:00-05:00,10314.995729916009,10314.995729916009
2026-01-30 10:30:00-05:00,10314.995729916009,10314.995729916009
2026-02-02 14:00:00-05:00,10314.995729916009,10314.995729916009
2026-02-02 14:15:00-05:00,10314.995729916009,10314.995729916009
2026-02-02 14:30:00-05:00,10314.995729916009,10314.995729916009
2026-02-02 14:45:00-05:00,10314.995729916009,10314.995729916009
2026-02-02 15:00:00-05:00,10314.995729916009,10314.995729916009
2026-02-02 15:15:00-05:00,10314.995729916009,10314.995729916009
2026-02-02 15:30:00-05:00,10314.995729916009,10314.995729916009
2026-02-02 15:45:00-05:00,10314.995729916009,10314.995729916009
2026-02-03 09:30:00-05:00,10314.995729916009,10314.995729916009
2026-02-03 09:45:00-05:00,10314.995729916009,10314.995729916009
2026-02-03 10:00:00-05:00,10314.995729916009,10314.995729916009
2026-02-03 10:15:00-05:00,10314.995729916009,10314.995729916009
2026-02-03 10:30:00-05:00,10314.995729916009,10314.995729916009
2026-02-03 10:45:00-05:00,10314.995729916009,10314.995729916009
2026-02-03 11:00:00-05:00,10314.995729916009,10314.995729916009
2026-02-03 11:15:00-05:00,10314.995729916009,10314.995729916009
2026-02-03 11:30:00-05:00,10314.995729916009,10314.995729916009
2026-02-03 11:45:00-05:00,10314.995729916009,10314.995729916009
2026-02-03 12:00:00-05:00,10314.995729916009,10314.995729916009
2026-02-03 12:15:00-05:00,10314.995729916009,10314.995729916009
2026-02-03 12:30:00-05:00,10314.995729916009,10314.995729916009
2026-02-03 12:45:00-05:00,10314.995729916009,10314.995729916009
2026-02-03 13:00:00-05:00,10314.995729916009,10314.995729916009
2026-02-03 13:15:00-05:00,10314.995729916009,10314.995729916009
2026-02-03 13:30:00-05:00,10314.995729916009,10314.995729916009
2026-02-03 13:45:00-05:00,10314.995729916009,10314.995729916009
2026-02-03 14:00:00-05:00,10314.995729916009,10314.995729916009
2026-02-03 14:15:00-05:00,10314.995729916009,10314.995729916009
2026-02-03 14:30:00-05:00,10314.995729916009,10314.995729916009
2026-02-03 14:45:00-05:00,10314.995729916009,10314.995729916009
2026-02-03 15:00:00-05:00,10314.995729916009,10314.995729916009
2026-02-03 15:15:00-05:00,10314.995729916009,10314.995729916009
2026-02-03 15:30:00-05:00,10314.995729916009,10314.995729916009
2026-02-03 15:45:00-05:00,10314.995729916009,10314.995729916009
2026-02-04 09:30:00-05:00,10314.995729916009,10314.995729916009
2026-02-04 09:45:00-05:00,10314.995729916009,10314.995729916009
2026-02-04 10:00:00-05:00,10314.995729916009,10314.995729916009
2026-02-04 10:15:00-05:00,10314.995729916009,10314.995729916009
2026-02-04 10:30:00-05:00,10314.995729916009,10314.995729916009
2026-02-04 10:45:00-05:00,10314.995729916009,10314.995729916009
2026-02-04 11:00:00-05:00,10314.995729916009,10314.995729916009
2026-02-04 11:15:00-05:00,10314.995729916009,10314.995729916009
2026-02-04 11:30:00-05:00,10314.995729916009,10314.995729916009
2026-02-04 11:45:00-05:00,10314.995729916009,10314.995729916009
2026-02-04 12:00:00-05:00,10314.995729916009,10314.995729916009
2026-02-04 12:15:00-05:00,10314.995729916009,10314.995729916009
2026-02-04 12:30:00-05:00,10314.995729916009,10314.995729916009
2026-02-04 12:45:00-05:00,10314.995729916009,10314.995729916009
2026-02-04 13:00:00-05:00,10314.995729916009,10314.995729916009
2026-02-04 13:15:00-05:00,10314.995729916009,10314.995729916009
2026-02-04 13:30:00-05:00,10314.995729916009,10314.995729916009
2026-02-04 13:45:00-05:00,10314.995729916009,10314.995729916009
2026-02-04 14:00:00-05:00,10314.995729916009,10314.995729916009
2026-02-04 14:15:00-05:00,10314.995729916009,10314.995729916009
2026-02-04 14:30:00-05:00,10314.995729916009,10314.995729916009
2026-02-04 14:45:00-05:00,10314.995729916009,10314.995729916009
2026-02-04 15:00:00-05:00,10314.995729916009,10314.995729916009
2026-02-04 15:15:00-05:00,10314.995729916009,10314.995729916009
2026-02-04 15:30:00-05:00,10314.995729916009,10314.995729916009
2026-02-04 15:45:00-05:00,10314.995729916009,10314.995729916009
2026-02-05 09:30:00-05:00,10314.995729916009,10314.995729916009
2026-02-05 09:45:00-05:00,10314.995729916009,10314.995729916009
2026-02-05 10:00:00-05:00,10314.995729916009,10314.995729916009
2026-02-05 10:15:00-05:00,10314.995729916009,10314.995729916009
2026-02-05 10:30:00-05:00,10314.995729916009,10314.995729916009
2026-02-05 10:45:00-05:00,10314.995729916009,10314.995729916009
2026-02-05 11:00:00-05:00,10314.995729916009,10314.995729916009
2026-02-05 11:15:00-05:00,10314.995729916009,10314.995729916009
2026-02-05 11:30:00-05:00,10314.995729916009,10314.995729916009
2026-02-05 11:45:00-05:00,10314.995729916009,10314.995729916009
2026-02-05 12:00:00-05:00,10314.995729916009,10314.995729916009
2026-02-05 12:15:00-05:00,10314.995729916009,10314.995729916009
2026-02-05 12:30:00-05:00,10314.995729916009,10314.995729916009
2026-02-05 12:45:00-05:00,10314.995729916009,10314.995729916009
2026-02-05 13:00:00-05:00,10314.995729916009,10314.995729916009
2026-02-05 13:15:00-05:00,10314.995729916009,10314.995729916009
2026-02-05 13:30:00-05:00,10314.995729916009,10314.995729916009
2026-02-05 13:45:00-05:00,10314.995729916009,10314.995729916009
2026-02-05 14:00:00-05:00,10314.995729916009,10314.995729916009
2026-02-05 14:15:00-05:00,10314.995729916009,10314.995729916009
2026-02-05 14:30:00-05:00,10314.995729916009,10314.995729916009
2026-02-05 14:45:00-05:00,10314.995729916009,10314.995729916009
2026-02-05 15:00:00-05:00,10314.995729916009,10314.995729916009
2026-02-05 15:15:00-05:00,10314.995729916009,10314.995729916009
2026-02-05 15:30:00-05:00,10314.995729916009,10314.995729916009
2026-02-05 15:45:00-05:00,10314.995729916009,10314.995729916009
2026-02-06 09:30:00-05:00,10314.995729916009,10314.995729916009
2026-02-06 09:45:00-05:00,10314.995729916009,10314.995729916009
2026-02-06 10:00:00-05:00,10314.995729916009,10314.995729916009
2026-02-06 10:15:00-05:00,10314.995729916009,10314.995729916009
2026-02-06 10:30:00-05:00,10314.995729916009,10314.995729916009
2026-02-06 10:45:00-05:00,10314.995729916009,10314.995729916009
2026-02-06 11:00:00-05:00,10314.995729916009,10314.995729916009
2026-02-06 11:15:00-05:00,10314.995729916009,10314.995729916009
2026-02-06 11:30:00-05:00,10314.995729916009,10314.995729916009
2026-02-06 11:45:00-05:00,10314.995729916009,10314.995729916009
2026-02-06 12:00:00-05:00,10314.995729916009,10314.995729916009
2026-02-06 12:15:00-05:00,10314.995729916009,10314.995729916009
2026-02-06 12:30:00-05:00,10314.995729916009,10314.995729916009
2026-02-06 12:45:00-05:00,10314.995729916009,10314.995729916009
2026-02-06 13:00:00-05:00,10314.995729916009,10314.995729916009
2026-02-06 13:15:00-05:00,10314.995729916009,10314.995729916009
2026-02-06 13:30:00-05:00,10314.995729916009,10314.995729916009
2026-02-06 13:45:00-05:00,10314.995729916009,10314.995729916009
2026-02-06 14:00:00-05:00,10314.995729916009,10314.995729916009
2026-02-06 14:15:00-05:00,10314.995729916009,10314.995729916009
2026-02-06 14:30:00-05:00,10314.995729916009,10314.995729916009
2026-02-06 14:45:00-05:00,10314.995729916009,10314.995729916009
2026-02-06 15:00:00-05:00,10314.995729916009,10314.995729916009
2026-02-06 15:15:00-05:00,10314.995729916009,10314.995729916009
2026-02-06 15:30:00-05:00,10314.995729916009,10314.995729916009
2026-02-06 15:45:00-05:00,10314.995729916009,10314.995729916009
2026-02-09 09:30:00-05:00,10314.995729916009,10314.995729916009
2026-02-09 09:45:00-05:00,10314.995729916009,10314.995729916009
2026-02-09 10:00:00-05:00,10314.995729916009,10314.995729916009
2026-02-09 10:15:00-05:00,10314.995729916009,10314.995729916009
2026-02-09 10:30:00-05:00,10314.995729916009,10314.995729916009
2026-02-09 10:45:00-05:00,10314.995729916009,10314.995729916009
2026-02-09 11:00:00-05:00,10314.995729916009,10314.995729916009
2026-02-09 11:15:00-05:00,10314.995729916009,10314.995729916009
2026-02-09 11:30:00-05:00,10314.995729916009,10314.995729916009
2026-02-09 11:45:00-05:00,10314.995729916009,10314.995729916009
2026-02-09 12:00:00-05:00,10314.995729916009,10314.995729916009
2026-02-09 12:15:00-05:00,10314.995729916009,10314.995729916009
2026-02-09 12:30:00-05:00,10314.995729916009,10314.995729916009
2026-02-09 12:45:00-05:00,10314.995729916009,10314.995729916009
2026-02-09 13:00:00-05:00,10314.995729916009,10314.995729916009
2026-02-09 13:15:00-05:00,10314.995729916009,10314.995729916009
2026-02-09 13:30:00-05:00,10314.995729916009,10314.995729916009
2026-02-09 13:45:00-05:00,10314.995729916009,10314.995729916009
2026-02-09 14:00:00-05:00,10314.995729916009,10314.995729916009
2026-02-09 14:15:00-05:00,10314.995729916009,10314.995729916009
2026-02-09 14:30:00-05:00,10314.995729916009,10314.995729916009
2026-02-09 14:45:00-05:00,10314.995729916009,10314.995729916009
2026-02-09 15:00:00-05:00,10314.995729916009,10314.995729916009
2026-02-09 15:15:00-05:00,10314.995729916009,10314.995729916009
2026-02-09 15:30:00-05:00,10314.995729916009,10314.995729916009
2026-02-09 15:45:00-05:00,10314.995729916009,10314.995729916009
2026-02-10 09:30:00-05:00,10314.995729916009,10314.995729916009
2026-02-10 09:45:00-05:00,10314.995729916009,10314.995729916009
2026-02-10 10:00:00-05:00,10314.995729916009,10314.995729916009
2026-02-10 10:15:00-05:00,10314.995729916009,10314.995729916009
2026-02-10 10:30:00-05:00,10314.995729916009,10314.995729916009
2026-02-10 10:45:00-05:00,10314.995729916009,10314.995729916009
2026-02-10 11:00:00-05:00,10314.995729916009,10314.995729916009
2026-02-10 11:15:00-05:00,10314.995729916009,10314.995729916009
2026-02-10 11:30:00-05:00,10314.995729916009,10314.995729916009
2026-02-10 11:45:00-05:00,10314.995729916009,10314.995729916009
2026-02-10 12:00:00-05:00,10314.995729916009,10314.995729916009
2026-02-10 12:15:00-05:00,10314.995729916009,10314.995729916009
2026-02-10 12:30:00-05:00,10314.995729916009,10314.995729916009
2026-02-10 12:45:00-05:00,10314.995729916009,10314.995729916009
2026-02-10 13:00:00-05:00,10314.995729916009,10314.995729916009
2026-02-10 13:15:00-05:00,10314.995729916009,10314.995729916009
2026-02-10 13:30:00-05:00,10314.995729916009,10314.995729916009
2026-02-10 13:45:00-05:00,10314.995729916009,10314.995729916009
2026-02-10 14:00:00-05:00,10314.995729916009,10314.995729916009
2026-02-10 14:15:00-05:00,10314.995729916009,10314.995729916009
2026-02-10 14:30:00-05:00,10314.995729916009,10314.995729916009
2026-02-10 14:45:00-05:00,10314.995729916009,10314.995729916009
2026-02-10 15:00:00-05:00,10314.995729916009,10314.995729916009
2026-02-10 15:15:00-05:00,10314.995729916009,10314.995729916009
2026-02-10 15:30:00-05:00,10314.995729916009,10314.995729916009
2026-02-10 15:45:00-05:00,10314.995729916009,10314.995729916009
2026-02-11 09:30:00-05:00,10314.995729916009,10314.995729916009
2026-02-11 09:45:00-05:00,10263.995729916009,10257.791417259587
2026-02-11 10:00:00-05:00,10290.347602650041,10290.347602650041
2026-02-11 10:15:00-05:00,10290.347602650041,10290.347602650041
2026-02-11 10:30:00-05:00,10290.347602650041,10290.347602650041
2026-02-11 10:45:00-05:00,10290.347602650041,10290.347602650041
2026-02-11 11:00:00-05:00,10290.347602650041,10290.347602650041
2026-02-11 11:15:00-05:00,10290.347602650041,10290.347602650041
2026-02-11 11:30:00-05:00,10290.347602650041,10290.347602650041
2026-02-11 11:45:00-05:00,10290.347602650041,10290.347602650041
2026-02-11 12:00:00-05:00,10290.347602650041,10290.347602650041
2026-02-11 12:15:00-05:00,10290.347602650041,10290.347602650041
2026-02-11 12:30:00-05:00,10290.347602650041,10290.347602650041
2026-02-11 12:45:00-05:00,10290.347602650041,10290.347602650041
2026-02-11 13:00:00-05:00,10290.347602650041,10290.347602650041
2026-02-11 13:15:00-05:00,10290.347602650041,10290.347602650041
2026-02-11 13:30:00-05:00,10290.347602650041,10290.347602650041
2026-02-11 13:45:00-05:00,10290.347602650041,10290.347602650041
2026-02-11 14:00:00-05:00,10290.347602650041,10290.347602650041
2026-02-11 14:15:00-05:00,10290.347602650041,10290.347602650041
2026-02-11 14:30:00-05:00,10290.347602650041,10290.347602650041
2026-02-11 14:45:00-05:00,10290.347602650041,10290.347602650041
2026-02-11 15:00:00-05:00,10290.347602650041,10290.347602650041
2026-02-11 15:15:00-05:00,10290.347602650041,10290.347602650041
2026-02-11 15:30:00-05:00,10290.347602650041,10290.347602650041
2026-02-11 15:45:00-05:00,10290.347602650041,10290.347602650041
2026-02-12 09:30:00-05:00,10290.347602650041,10290.347602650041
2026-02-12 09:45:00-05:00,10290.347602650041,10290.347602650041
2026-02-12 10:00:00-05:00,10290.347602650041,10290.347602650041
2026-02-12 10:15:00-05:00,10290.347602650041,10290.347602650041
2026-02-12 10:30:00-05:00,10290.347602650041,10290.347602650041
2026-02-12 10:45:00-05:00,10290.347602650041,10290.347602650041
2026-02-12 11:00:00-05:00,10290.347602650041,10290.347602650041
2026-02-12 11:15:00-05:00,10290.347602650041,10290.347602650041
2026-02-12 11:30:00-05:00,10290.347602650041,10290.347602650041
2026-02-12 11:45:00-05:00,10290.347602650041,10290.347602650041
2026-02-12 12:00:00-05:00,10290.347602650041,10290.347602650041
2026-02-12 12:15:00-05:00,10290.347602650041,10290.347602650041
2026-02-12 12:30:00-05:00,10290.347602650041,10290.347602650041
2026-02-12 12:45:00-05:00,10290.347602650041,10290.347602650041
2026-02-12 13:00:00-05:00,10290.347602650041,10290.347602650041
2026-02-12 13:15:00-05:00,10290.347602650041,10290.347602650041
2026-02-12 13:30:00-05:00,10290.347602650041,10290.347602650041
2026-02-12 13:45:00-05:00,10290.347602650041,10290.347602650041
2026-02-12 14:00:00-05:00,10290.347602650041,10290.347602650041
2026-02-12 14:15:00-05:00,10290.347602650041,10290.347602650041
2026-02-12 14:30:00-05:00,10290.347602650041,10290.347602650041
2026-02-12 14:45:00-05:00,10290.347602650041,10290.347602650041
2026-02-12 15:00:00-05:00,10290.347602650041,10290.347602650041
2026-02-12 15:15:00-05:00,10290.347602650041,10290.347602650041
2026-02-12 15:30:00-05:00,10290.347602650041,10290.347602650041
2026-02-12 15:45:00-05:00,10290.347602650041,10290.347602650041
2026-02-13 09:30:00-05:00,10290.347602650041,10290.347602650041
2026-02-13 09:45:00-05:00,10290.347602650041,10290.347602650041
2026-02-13 10:00:00-05:00,10290.347602650041,10290.347602650041
2026-02-13 10:15:00-05:00,10239.347602650041,10368.181510332564
2026-02-13 10:30:00-05:00,10239.347602650041,10275.361136797408
2026-02-13 10:45:00-05:00,10239.347602650041,10321.262381914596
2026-02-13 11:00:00-05:00,10239.347602650041,10356.449393633346
2026-02-13 11:15:00-05:00,10239.347602650041,10371.235160234908
2026-02-13 11:30:00-05:00,10239.347602650041,10417.65001619194
2026-02-13 11:45:00-05:00,10239.347602650041,10423.769767168502
2026-02-13 12:00:00-05:00,10239.347602650041,10494.15001619194
2026-02-13 12:15:00-05:00,10239.347602650041,10491.090140703658
2026-02-13 12:30:00-05:00,10239.347602650041,10512.00188386772
2026-02-13 12:45:00-05:00,10239.347602650041,10477.829642656783
2026-02-13 13:00:00-05:00,10239.347602650041,10483.949393633346
2026-02-13 13:15:00-05:00,10239.347602650041,10497.720389727096
2026-02-13 13:30:00-05:00,10239.347602650041,10491.090140703658
2026-02-13 13:45:00-05:00,10239.347602650041,10480.889518145064
2026-02-13 14:00:00-05:00,10239.347602650041,10488.54698884819
2026-02-13 14:15:00-05:00,10239.347602650041,10460.491385820846
2026-02-13 14:30:00-05:00,10239.347602650041,10439.579642656783
2026-02-13 14:45:00-05:00,10239.347602650041,10371.75188386772
2026-02-13 15:00:00-05:00,10239.347602650041,10336.561759356002
2026-02-13 15:15:00-05:00,10239.347602650041,10263.62590730522
2026-02-13 15:30:00-05:00,10239.347602650041,10244.25188386772
2026-02-13 15:45:00-05:00,10239.347602650041,10310.551261309127
2026-02-17 09:30:00-05:00,10239.347602650041,10187.132132891158
2026-02-17 09:45:00-05:00,9984.15001619194,9984.15001619194
2026-02-17 10:00:00-05:00,9984.15001619194,9984.15001619194
2026-02-17 10:15:00-05:00,9984.15001619194,9984.15001619194
2026-02-17 10:30:00-05:00,9984.15001619194,9984.15001619194
2026-02-17 10:45:00-05:00,9984.15001619194,9984.15001619194
2026-02-17 11:00:00-05:00,9984.15001619194,9984.15001619194
2026-02-17 11:15:00-05:00,9984.15001619194,9984.15001619194
2026-02-17 11:30:00-05:00,9984.15001619194,9984.15001619194
2026-02-17 11:45:00-05:00,9984.15001619194,9984.15001619194
2026-02-17 12:00:00-05:00,9984.15001619194,9984.15001619194
2026-02-17 12:15:00-05:00,9984.15001619194,9984.15001619194
2026-02-17 12:30:00-05:00,9984.15001619194,9984.15001619194
2026-02-17 12:45:00-05:00,9984.15001619194,9984.15001619194
2026-02-17 13:00:00-05:00,9984.15001619194,9984.15001619194
2026-02-17 13:15:00-05:00,9984.15001619194,9984.15001619194
2026-02-17 13:30:00-05:00,9984.15001619194,9984.15001619194
2026-02-17 13:45:00-05:00,9984.15001619194,9984.15001619194
2026-02-17 14:00:00-05:00,9984.15001619194,9984.15001619194
2026-02-17 14:15:00-05:00,9984.15001619194,9984.15001619194
2026-02-17 14:30:00-05:00,9984.15001619194,9984.15001619194
2026-02-17 14:45:00-05:00,9984.15001619194,9984.15001619194
2026-02-17 15:00:00-05:00,9984.15001619194,9984.15001619194
2026-02-17 15:15:00-05:00,9984.15001619194,9984.15001619194
2026-02-17 15:30:00-05:00,9984.15001619194,9984.15001619194
2026-02-17 15:45:00-05:00,9984.15001619194,9984.15001619194
2026-02-18 09:30:00-05:00,9984.15001619194,9984.15001619194
2026-02-18 09:45:00-05:00,9984.15001619194,9984.15001619194
2026-02-18 10:00:00-05:00,9984.15001619194,9984.15001619194
2026-02-18 10:15:00-05:00,9984.15001619194,9984.15001619194
2026-02-18 10:30:00-05:00,9984.15001619194,9984.15001619194
2026-02-18 10:45:00-05:00,9984.15001619194,9984.15001619194
2026-02-18 11:00:00-05:00,9984.15001619194,9984.15001619194
2026-02-18 11:15:00-05:00,9984.15001619194,9984.15001619194
2026-02-18 11:30:00-05:00,9984.15001619194,9984.15001619194
2026-02-18 11:45:00-05:00,9984.15001619194,9984.15001619194
2026-02-18 12:00:00-05:00,9984.15001619194,9984.15001619194
2026-02-18 12:15:00-05:00,9984.15001619194,9984.15001619194
2026-02-18 12:30:00-05:00,9984.15001619194,9984.15001619194
2026-02-18 12:45:00-05:00,9984.15001619194,9984.15001619194
2026-02-18 13:00:00-05:00,9984.15001619194,9984.15001619194
2026-02-18 13:15:00-05:00,9984.15001619194,9984.15001619194
2026-02-18 13:30:00-05:00,9984.15001619194,9984.15001619194
2026-02-18 13:45:00-05:00,9984.15001619194,9984.15001619194
2026-02-18 14:00:00-05:00,9984.15001619194,9984.15001619194
2026-02-18 14:15:00-05:00,9984.15001619194,9984.15001619194
2026-02-18 14:30:00-05:00,9984.15001619194,9984.15001619194
2026-02-18 14:45:00-05:00,9984.15001619194,9984.15001619194
2026-02-18 15:00:00-05:00,9984.15001619194,9984.15001619194
2026-02-18 15:15:00-05:00,9984.15001619194,9984.15001619194
2026-02-18 15:30:00-05:00,9984.15001619194,9984.15001619194
2026-02-18 15:45:00-05:00,9984.15001619194,9984.15001619194
2026-02-19 09:30:00-05:00,9984.15001619194,9984.15001619194
2026-02-19 09:45:00-05:00,9984.15001619194,9984.15001619194
2026-02-19 10:00:00-05:00,9984.15001619194,9984.15001619194
2026-02-19 10:15:00-05:00,9984.15001619194,9984.15001619194
2026-02-19 10:30:00-05:00,9984.15001619194,9984.15001619194
2026-02-19 10:45:00-05:00,9984.15001619194,9984.15001619194
2026-02-19 11:00:00-05:00,9984.15001619194,9984.15001619194
2026-02-19 11:15:00-05:00,9984.15001619194,9984.15001619194
2026-02-19 11:30:00-05:00,9984.15001619194,9984.15001619194
2026-02-19 11:45:00-05:00,9984.15001619194,9984.15001619194
2026-02-19 12:00:00-05:00,9984.15001619194,9984.15001619194
2026-02-19 12:15:00-05:00,9984.15001619194,9984.15001619194
2026-02-19 12:30:00-05:00,9984.15001619194,9984.15001619194
2026-02-19 12:45:00-05:00,9984.15001619194,9984.15001619194
2026-02-19 13:00:00-05:00,9984.15001619194,9984.15001619194
2026-02-19 13:15:00-05:00,9984.15001619194,9984.15001619194
2026-02-19 13:30:00-05:00,9984.15001619194,9984.15001619194
2026-02-19 13:45:00-05:00,9984.15001619194,9984.15001619194
2026-02-19 14:00:00-05:00,9984.15001619194,9984.15001619194
2026-02-19 14:15:00-05:00,9984.15001619194,9984.15001619194
2026-02-19 14:30:00-05:00,9984.15001619194,9984.15001619194
2026-02-19 14:45:00-05:00,9984.15001619194,9984.15001619194
2026-02-19 15:00:00-05:00,9984.15001619194,9984.15001619194
2026-02-19 15:15:00-05:00,9984.15001619194,9984.15001619194
2026-02-19 15:30:00-05:00,9984.15001619194,9984.15001619194
2026-02-19 15:45:00-05:00,9984.15001619194,9984.15001619194
2026-02-20 09:30:00-05:00,9984.15001619194,9984.15001619194
2026-02-20 09:45:00-05:00,9984.15001619194,9984.15001619194
2026-02-20 10:00:00-05:00,9984.15001619194,9984.15001619194
2026-02-20 10:15:00-05:00,9945.15001619194,10022.112447468367
2026-02-20 10:30:00-05:00,9909.154044512252,9909.154044512252
2026-02-20 10:45:00-05:00,9909.154044512252,9909.154044512252
2026-02-20 11:00:00-05:00,9909.154044512252,9909.154044512252
2026-02-20 11:15:00-05:00,9909.154044512252,9909.154044512252
2026-02-20 11:30:00-05:00,9909.154044512252,9909.154044512252
2026-02-20 11:45:00-05:00,9909.154044512252,9909.154044512252
2026-02-20 12:00:00-05:00,9909.154044512252,9909.154044512252
2026-02-20 12:15:00-05:00,9909.154044512252,9909.154044512252
2026-02-20 12:30:00-05:00,9909.154044512252,9909.154044512252
2026-02-20 12:45:00-05:00,9909.154044512252,9909.154044512252
2026-02-20 13:00:00-05:00,9909.154044512252,9909.154044512252
2026-02-20 13:15:00-05:00,9909.154044512252,9909.154044512252
2026-02-20 13:30:00-05:00,9909.154044512252,9909.154044512252
2026-02-20 13:45:00-05:00,9909.154044512252,9909.154044512252
2026-02-20 14:00:00-05:00,9909.154044512252,9909.154044512252
2026-02-20 14:15:00-05:00,9909.154044512252,9909.154044512252
2026-02-20 14:30:00-05:00,9909.154044512252,9909.154044512252
2026-02-20 14:45:00-05:00,9909.154044512252,9909.154044512252
2026-02-20 15:00:00-05:00,9909.154044512252,9909.154044512252
2026-02-20 15:15:00-05:00,9909.154044512252,9909.154044512252
2026-02-20 15:30:00-05:00,9909.154044512252,9909.154044512252
2026-02-20 15:45:00-05:00,9909.154044512252,9909.154044512252
2026-02-23 09:30:00-05:00,9909.154044512252,9909.154044512252
2026-02-23 09:45:00-05:00,9909.154044512252,9909.154044512252
2026-02-23 10:00:00-05:00,9909.154044512252,9909.154044512252
2026-02-23 10:15:00-05:00,9909.154044512252,9909.154044512252
2026-02-23 10:30:00-05:00,9909.154044512252,9909.154044512252
2026-02-23 10:45:00-05:00,9909.154044512252,9909.154044512252
2026-02-23 11:00:00-05:00,9909.154044512252,9909.154044512252
2026-02-23 11:15:00-05:00,9909.154044512252,9909.154044512252
2026-02-23 11:30:00-05:00,9909.154044512252,9909.154044512252
2026-02-23 11:45:00-05:00,9909.154044512252,9909.154044512252
2026-02-23 12:00:00-05:00,9909.154044512252,9909.154044512252
2026-02-23 12:15:00-05:00,9909.154044512252,9909.154044512252
2026-02-23 12:30:00-05:00,9909.154044512252,9909.154044512252
2026-02-23 12:45:00-05:00,9909.154044512252,9909.154044512252
2026-02-23 13:00:00-05:00,9909.154044512252,9909.154044512252
2026-02-23 13:15:00-05:00,9909.154044512252,9909.154044512252
2026-02-23 13:30:00-05:00,9909.154044512252,9909.154044512252
2026-02-23 13:45:00-05:00,9909.154044512252,9909.154044512252
2026-02-23 14:00:00-05:00,9909.154044512252,9909.154044512252
2026-02-23 14:15:00-05:00,9909.154044512252,9909.154044512252
2026-02-23 14:30:00-05:00,9909.154044512252,9909.154044512252
2026-02-23 14:45:00-05:00,9909.154044512252,9909.154044512252
2026-02-23 15:00:00-05:00,9909.154044512252,9909.154044512252
2026-02-23 15:15:00-05:00,9909.154044512252,9909.154044512252
2026-02-23 15:30:00-05:00,9909.154044512252,9909.154044512252
2026-02-23 15:45:00-05:00,9909.154044512252,9909.154044512252
2026-02-24 09:30:00-05:00,9909.154044512252,9909.154044512252
2026-02-24 09:45:00-05:00,9909.154044512252,9909.154044512252
2026-02-24 10:00:00-05:00,9909.154044512252,9909.154044512252
2026-02-24 10:15:00-05:00,9909.154044512252,9909.154044512252
2026-02-24 10:30:00-05:00,9909.154044512252,9909.154044512252
2026-02-24 10:45:00-05:00,9909.154044512252,9909.154044512252
2026-02-24 11:00:00-05:00,9909.154044512252,9909.154044512252
2026-02-24 11:15:00-05:00,9909.154044512252,9909.154044512252
2026-02-24 11:30:00-05:00,9909.154044512252,9909.154044512252
2026-02-24 11:45:00-05:00,9909.154044512252,9909.154044512252
2026-02-24 12:00:00-05:00,9909.154044512252,9909.154044512252
2026-02-24 12:15:00-05:00,9909.154044512252,9909.154044512252
2026-02-24 12:30:00-05:00,9909.154044512252,9909.154044512252
2026-02-24 12:45:00-05:00,9909.154044512252,9909.154044512252
2026-02-24 13:00:00-05:00,9909.154044512252,9909.154044512252
2026-02-24 13:15:00-05:00,9909.154044512252,9909.154044512252
2026-02-24 13:30:00-05:00,9909.154044512252,9909.154044512252
2026-02-24 13:45:00-05:00,9909.154044512252,9909.154044512252
2026-02-24 14:00:00-05:00,9909.154044512252,9909.154044512252
2026-02-24 14:15:00-05:00,9909.154044512252,9909.154044512252
2026-02-24 14:30:00-05:00,9909.154044512252,9909.154044512252
2026-02-24 14:45:00-05:00,9909.154044512252,9909.154044512252
2026-02-24 15:00:00-05:00,9909.154044512252,9909.154044512252
2026-02-24 15:15:00-05:00,9909.154044512252,9909.154044512252
2026-02-24 15:30:00-05:00,9909.154044512252,9909.154044512252
2026-02-24 15:45:00-05:00,9909.154044512252,9909.154044512252
2026-02-25 09:30:00-05:00,9909.154044512252,9909.154044512252
2026-02-25 09:45:00-05:00,9909.154044512252,9909.154044512252
2026-02-25 10:00:00-05:00,9909.154044512252,9909.154044512252
2026-02-25 10:15:00-05:00,9909.154044512252,9909.154044512252
2026-02-25 10:30:00-05:00,9909.154044512252,9909.154044512252
2026-02-25 10:45:00-05:00,9909.154044512252,9909.154044512252
2026-02-25 11:00:00-05:00,9909.154044512252,9909.154044512252
2026-02-25 11:15:00-05:00,9909.154044512252,9909.154044512252
2026-02-25 11:30:00-05:00,9909.154044512252,9909.154044512252
2026-02-25 11:45:00-05:00,9909.154044512252,9909.154044512252
2026-02-25 12:00:00-05:00,9909.154044512252,9909.154044512252
2026-02-25 12:15:00-05:00,9909.154044512252,9909.154044512252
2026-02-25 12:30:00-05:00,9909.154044512252,9909.154044512252
2026-02-25 12:45:00-05:00,9909.154044512252,9909.154044512252
2026-02-25 13:00:00-05:00,9909.154044512252,9909.154044512252
2026-02-25 13:15:00-05:00,9909.154044512252,9909.154044512252
2026-02-25 13:30:00-05:00,9909.154044512252,9909.154044512252
2026-02-25 13:45:00-05:00,9909.154044512252,9909.154044512252
2026-02-25 14:00:00-05:00,9909.154044512252,9909.154044512252
2026-02-25 14:15:00-05:00,9909.154044512252,9909.154044512252
2026-02-25 14:30:00-05:00,9909.154044512252,9909.154044512252
2026-02-25 14:45:00-05:00,9909.154044512252,9909.154044512252
2026-02-25 15:00:00-05:00,9909.154044512252,9909.154044512252
2026-02-25 15:15:00-05:00,9909.154044512252,9909.154044512252
2026-02-25 15:30:00-05:00,9909.154044512252,9909.154044512252
2026-02-25 15:45:00-05:00,9909.154044512252,9909.154044512252
2026-02-26 09:30:00-05:00,9909.154044512252,9909.154044512252
2026-02-26 09:45:00-05:00,9909.154044512252,9909.154044512252
2026-02-26 10:00:00-05:00,9909.154044512252,9909.154044512252
2026-02-26 10:15:00-05:00,9909.154044512252,9909.154044512252
2026-02-26 10:30:00-05:00,9909.154044512252,9909.154044512252
2026-02-26 10:45:00-05:00,9909.154044512252,9909.154044512252
2026-02-26 11:00:00-05:00,9909.154044512252,9909.154044512252
2026-02-26 11:15:00-05:00,9909.154044512252,9909.154044512252
2026-02-26 11:30:00-05:00,9909.154044512252,9909.154044512252
2026-02-26 11:45:00-05:00,9909.154044512252,9909.154044512252
2026-02-26 12:00:00-05:00,9909.154044512252,9909.154044512252
2026-02-26 12:15:00-05:00,9909.154044512252,9909.154044512252
2026-02-26 12:30:00-05:00,9909.154044512252,9909.154044512252
2026-02-26 12:45:00-05:00,9909.154044512252,9909.154044512252
2026-02-26 13:00:00-05:00,9909.154044512252,9909.154044512252
2026-02-26 13:15:00-05:00,9909.154044512252,9909.154044512252
2026-02-26 13:30:00-05:00,9909.154044512252,9909.154044512252
2026-02-26 13:45:00-05:00,9909.154044512252,9909.154044512252
2026-02-26 14:00:00-05:00,9909.154044512252,9909.154044512252
2026-02-26 14:15:00-05:00,9909.154044512252,9909.154044512252
2026-02-26 14:30:00-05:00,9909.154044512252,9909.154044512252
2026-02-26 14:45:00-05:00,9909.154044512252,9909.154044512252
2026-02-26 15:00:00-05:00,9909.154044512252,9909.154044512252
2026-02-26 15:15:00-05:00,9909.154044512252,9909.154044512252
2026-02-26 15:30:00-05:00,9909.154044512252,9909.154044512252
2026-02-26 15:45:00-05:00,9909.154044512252,9909.154044512252
2026-02-27 09:30:00-05:00,9909.154044512252,9909.154044512252
2026-02-27 09:45:00-05:00,9909.154044512252,9909.154044512252
2026-02-27 10:00:00-05:00,9806.154044512252,10037.063905110752
2026-02-27 10:15:00-05:00,9806.154044512252,10080.32843147794
2026-02-27 10:30:00-05:00,9806.154044512252,10149.336671224033
2026-02-27 10:45:00-05:00,9806.154044512252,10110.196168294346
2026-02-27 11:00:00-05:00,9806.154044512252,10121.524659505283
2026-02-27 11:15:00-05:00,9806.154044512252,10071.571168294346
2026-02-27 11:30:00-05:00,9806.154044512252,9991.743653645908
2026-02-27 11:45:00-05:00,9806.154044512252,10073.117677083408
2026-02-27 12:00:00-05:00,9806.154044512252,10053.547425618564
2026-02-27 12:15:00-05:00,9806.154044512252,10032.430665364658
2026-02-27 12:30:00-05:00,9806.154044512252,9987.625916829502
2026-02-27 12:45:00-05:00,9806.154044512252,10013.375916829502
2026-02-27 13:00:00-05:00,9806.154044512252,9937.156922688877
2026-02-27 13:15:00-05:00,9806.154044512252,9930.97717415372
2026-02-27 13:30:00-05:00,9806.154044512252,9929.946168294346
2026-02-27 13:45:00-05:00,9806.154044512252,9908.313905110752
2026-02-27 14:00:00-05:00,9806.154044512252,9926.85315071622
2026-02-27 14:15:00-05:00,9806.154044512252,9917.586671224033
2026-02-27 14:30:00-05:00,9806.154044512252,9866.086671224033
2026-02-27 14:45:00-05:00,9806.154044512252,9889.774659505283
2026-02-27 15:00:00-05:00,9806.154044512252,10070.024659505283
2026-02-27 15:15:00-05:00,9806.154044512252,10095.259156575596
2026-02-27 15:30:00-05:00,9806.154044512252,9991.743653645908
2026-02-27 15:45:00-05:00,9806.154044512252,10139.548402181064
2026-03-02 09:30:00-05:00,9504.555665364658,9504.555665364658
2026-03-02 09:45:00-05:00,9504.555665364658,9504.555665364658
2026-03-02 10:00:00-05:00,9469.555665364658,9553.821137996052
2026-03-02 10:15:00-05:00,9469.555665364658,9512.271455378865
2026-03-02 10:30:00-05:00,9469.555665364658,9559.870942683552
2026-03-02 10:45:00-05:00,9469.555665364658,9547.446626277302
2026-03-02 11:00:00-05:00,9559.85626350919,9559.85626350919
2026-03-02 11:15:00-05:00,9559.85626350919,9559.85626350919
2026-03-02 11:30:00-05:00,9559.85626350919,9559.85626350919
2026-03-02 11:45:00-05:00,9559.85626350919,9559.85626350919
2026-03-02 12:00:00-05:00,9559.85626350919,9559.85626350919
2026-03-02 12:15:00-05:00,9559.85626350919,9559.85626350919
2026-03-02 12:30:00-05:00,9559.85626350919,9559.85626350919
2026-03-02 12:45:00-05:00,9559.85626350919,9559.85626350919
2026-03-02 13:00:00-05:00,9559.85626350919,9559.85626350919
2026-03-02 13:15:00-05:00,9559.85626350919,9559.85626350919
2026-03-02 13:30:00-05:00,9559.85626350919,9559.85626350919
2026-03-02 13:45:00-05:00,9559.85626350919,9559.85626350919
2026-03-02 14:00:00-05:00,9559.85626350919,9559.85626350919
2026-03-02 14:15:00-05:00,9559.85626350919,9559.85626350919
2026-03-02 14:30:00-05:00,9559.85626350919,9559.85626350919
2026-03-02 14:45:00-05:00,9559.85626350919,9559.85626350919
2026-03-02 15:00:00-05:00,9559.85626350919,9559.85626350919
2026-03-02 15:15:00-05:00,9559.85626350919,9559.85626350919
2026-03-02 15:30:00-05:00,9559.85626350919,9559.85626350919
2026-03-02 15:45:00-05:00,9559.85626350919,9559.85626350919
2026-03-03 09:30:00-05:00,9559.85626350919,9559.85626350919
2026-03-03 09:45:00-05:00,9559.85626350919,9559.85626350919
2026-03-03 10:00:00-05:00,9559.85626350919,9559.85626350919
2026-03-03 10:15:00-05:00,9559.85626350919,9559.85626350919
2026-03-03 10:30:00-05:00,9559.85626350919,9559.85626350919
2026-03-03 10:45:00-05:00,9559.85626350919,9559.85626350919
2026-03-03 11:00:00-05:00,9559.85626350919,9559.85626350919
2026-03-03 11:15:00-05:00,9559.85626350919,9559.85626350919
2026-03-03 11:30:00-05:00,9559.85626350919,9559.85626350919
2026-03-03 11:45:00-05:00,9559.85626350919,9559.85626350919
2026-03-03 12:00:00-05:00,9559.85626350919,9559.85626350919
2026-03-03 12:15:00-05:00,9559.85626350919,9559.85626350919
2026-03-03 12:30:00-05:00,9559.85626350919,9559.85626350919
2026-03-03 12:45:00-05:00,9559.85626350919,9559.85626350919
2026-03-03 13:00:00-05:00,9559.85626350919,9559.85626350919
2026-03-03 13:15:00-05:00,9559.85626350919,9559.85626350919
2026-03-03 13:30:00-05:00,9559.85626350919,9559.85626350919
2026-03-03 13:45:00-05:00,9559.85626350919,9559.85626350919
2026-03-03 14:00:00-05:00,9559.85626350919,9559.85626350919
2026-03-03 14:15:00-05:00,9559.85626350919,9559.85626350919
2026-03-03 14:30:00-05:00,9559.85626350919,9559.85626350919
2026-03-03 14:45:00-05:00,9559.85626350919,9559.85626350919
2026-03-03 15:00:00-05:00,9559.85626350919,9559.85626350919
2026-03-03 15:15:00-05:00,9559.85626350919,9559.85626350919
2026-03-03 15:30:00-05:00,9559.85626350919,9559.85626350919
2026-03-03 15:45:00-05:00,9559.85626350919,9559.85626350919
2026-03-04 09:30:00-05:00,9559.85626350919,9559.85626350919
2026-03-04 09:45:00-05:00,9559.85626350919,9559.85626350919
2026-03-04 10:00:00-05:00,9559.85626350919,9559.85626350919
2026-03-04 10:15:00-05:00,9559.85626350919,9559.85626350919
2026-03-04 10:30:00-05:00,9559.85626350919,9559.85626350919
2026-03-04 10:45:00-05:00,9559.85626350919,9559.85626350919
2026-03-04 11:00:00-05:00,9559.85626350919,9559.85626350919
2026-03-04 11:15:00-05:00,9559.85626350919,9559.85626350919
2026-03-04 11:30:00-05:00,9559.85626350919,9559.85626350919
2026-03-04 11:45:00-05:00,9559.85626350919,9559.85626350919
2026-03-04 12:00:00-05:00,9559.85626350919,9559.85626350919
2026-03-04 12:15:00-05:00,9559.85626350919,9559.85626350919
2026-03-04 12:30:00-05:00,9559.85626350919,9559.85626350919
2026-03-04 12:45:00-05:00,9559.85626350919,9559.85626350919
2026-03-04 13:00:00-05:00,9559.85626350919,9559.85626350919
2026-03-04 13:15:00-05:00,9559.85626350919,9559.85626350919
2026-03-04 13:30:00-05:00,9559.85626350919,9559.85626350919
2026-03-04 13:45:00-05:00,9559.85626350919,9559.85626350919
2026-03-04 14:00:00-05:00,9559.85626350919,9559.85626350919
2026-03-04 14:15:00-05:00,9559.85626350919,9559.85626350919
2026-03-04 14:30:00-05:00,9559.85626350919,9559.85626350919
2026-03-04 14:45:00-05:00,9559.85626350919,9559.85626350919
2026-03-04 15:00:00-05:00,9559.85626350919,9559.85626350919
2026-03-04 15:15:00-05:00,9559.85626350919,9559.85626350919
2026-03-04 15:30:00-05:00,9559.85626350919,9559.85626350919
2026-03-04 15:45:00-05:00,9559.85626350919,9559.85626350919
2026-03-05 09:30:00-05:00,9559.85626350919,9559.85626350919
2026-03-05 09:45:00-05:00,9559.85626350919,9559.85626350919
2026-03-05 10:00:00-05:00,9559.85626350919,9559.85626350919
2026-03-05 10:15:00-05:00,9559.85626350919,9559.85626350919
2026-03-05 10:30:00-05:00,9559.85626350919,9559.85626350919
2026-03-05 10:45:00-05:00,9559.85626350919,9559.85626350919
2026-03-05 11:00:00-05:00,9559.85626350919,9559.85626350919
2026-03-05 11:15:00-05:00,9559.85626350919,9559.85626350919
2026-03-05 11:30:00-05:00,9559.85626350919,9559.85626350919
2026-03-05 11:45:00-05:00,9559.85626350919,9559.85626350919
2026-03-05 12:00:00-05:00,9559.85626350919,9559.85626350919
2026-03-05 12:15:00-05:00,9559.85626350919,9559.85626350919
2026-03-05 12:30:00-05:00,9559.85626350919,9559.85626350919
2026-03-05 12:45:00-05:00,9559.85626350919,9559.85626350919
2026-03-05 13:00:00-05:00,9559.85626350919,9559.85626350919
2026-03-05 13:15:00-05:00,9559.85626350919,9559.85626350919
2026-03-05 13:30:00-05:00,9559.85626350919,9559.85626350919
2026-03-05 13:45:00-05:00,9559.85626350919,9559.85626350919
2026-03-05 14:00:00-05:00,9559.85626350919,9559.85626350919
2026-03-05 14:15:00-05:00,9559.85626350919,9559.85626350919
2026-03-05 14:30:00-05:00,9559.85626350919,9559.85626350919
2026-03-05 14:45:00-05:00,9559.85626350919,9559.85626350919
2026-03-05 15:00:00-05:00,9559.85626350919,9559.85626350919
2026-03-05 15:15:00-05:00,9559.85626350919,9559.85626350919
2026-03-05 15:30:00-05:00,9559.85626350919,9559.85626350919
2026-03-05 15:45:00-05:00,9559.85626350919,9559.85626350919
2026-03-06 09:30:00-05:00,9559.85626350919,9559.85626350919
2026-03-06 09:45:00-05:00,9559.85626350919,9559.85626350919
2026-03-06 10:00:00-05:00,9421.85626350919,9830.454256009516
2026-03-06 10:15:00-05:00,9421.85626350919,9932.572908353266
2026-03-06 10:30:00-05:00,9421.85626350919,9980.869539212641
2026-03-06 10:45:00-05:00,9421.85626350919,10054.013582181391
2026-03-06 11:00:00-05:00,9421.85626350919,9936.708528470454
2026-03-06 11:15:00-05:00,9421.85626350919,10005.700105618891
2026-03-06 11:30:00-05:00,9421.85626350919,10025.030549954829
2026-03-06 11:45:00-05:00,9421.85626350919,10125.776277493891
2026-03-06 12:00:00-05:00,9421.85626350919,9972.589876126704
2026-03-06 12:15:00-05:00,9421.85626350919,9900.835603665766
2026-03-06 12:30:00-05:00,9421.85626350919,9757.310213040766
2026-03-06 12:45:00-05:00,9421.85626350919,9804.233919095454
2026-03-06 13:00:00-05:00,9421.85626350919,10150.615266751704
2026-03-06 13:15:00-05:00,9421.85626350919,9958.793245267329
2026-03-06 13:30:00-05:00,9421.85626350919,9994.674592923579
2026-03-06 13:45:00-05:00,9421.85626350919,9856.674592923579
2026-03-06 14:00:00-05:00,9421.85626350919,9997.428865384516
2026-03-06 14:15:00-05:00,9421.85626350919,9918.776277493891
2026-03-06 14:30:00-05:00,9421.85626350919,9849.776277493891
2026-03-06 14:45:00-05:00,9421.85626350919,9882.894929837641
2026-03-06 15:00:00-05:00,9421.85626350919,9692.454256009516
2026-03-06 15:15:00-05:00,9421.85626350919,9366.776277493891
2026-03-06 15:30:00-05:00,9092.149202298579,9092.149202298579
2026-03-06 15:45:00-05:00,9092.149202298579,9092.149202298579
2026-03-09 09:30:00-04:00,9092.149202298579,9092.149202298579
2026-03-09 09:45:00-04:00,9092.149202298579,9092.149202298579
2026-03-09 10:00:00-04:00,9092.149202298579,9092.149202298579
2026-03-09 10:15:00-04:00,9092.149202298579,9092.149202298579
2026-03-09 10:30:00-04:00,9024.149202298579,9140.044789232672
2026-03-09 10:45:00-04:00,9024.149202298579,9163.843129076422
2026-03-09 11:00:00-04:00,9024.149202298579,9248.843129076422
2026-03-09 11:15:00-04:00,9024.149202298579,9318.204457201422
2026-03-09 11:30:00-04:00,9024.149202298579,9258.372425951422
2026-03-09 11:45:00-04:00,9024.149202298579,9316.843129076422
2026-03-09 12:00:00-04:00,9024.149202298579,9350.162465013922
2026-03-09 12:15:00-04:00,9024.149202298579,9395.044789232672
2026-03-09 12:30:00-04:00,9024.149202298579,9471.204457201422
2026-03-09 12:45:00-04:00,9024.149202298579,9424.284291185797
2026-03-09 13:00:00-04:00,9024.149202298579,9382.124623217047
2026-03-09 13:15:00-04:00,9024.149202298579,9264.485951342047
2026-03-09 13:30:00-04:00,9024.149202298579,9217.565785326422
2026-03-09 13:45:00-04:00,9024.149202298579,9261.082631029547
2026-03-09 14:00:00-04:00,9024.149202298579,9308.002797045172
2026-03-09 14:15:00-04:00,9024.149202298579,9325.683461107672
2026-03-09 14:30:00-04:00,9024.149202298579,9385.523793138922
2026-03-09 14:45:00-04:00,9024.149202298579,9335.885121263922
2026-03-09 15:00:00-04:00,9024.149202298579,9356.284291185797
2026-03-09 15:15:00-04:00,9604.187044095454,9604.187044095454
2026-03-09 15:30:00-04:00,9604.187044095454,9604.187044095454
2026-03-09 15:45:00-04:00,9604.187044095454,9604.187044095454
2026-03-10 09:30:00-04:00,9604.187044095454,9604.187044095454
2026-03-10 09:45:00-04:00,9604.187044095454,9604.187044095454
2026-03-10 10:00:00-04:00,9558.187044095454,9532.253296684798
2026-03-10 10:15:00-04:00,9558.187044095454,9451.292847466048
2026-03-10 10:30:00-04:00,9320.191162895735,9320.191162895735
2026-03-10 10:45:00-04:00,9320.191162895735,9320.191162895735
2026-03-10 11:00:00-04:00,9320.191162895735,9320.191162895735
2026-03-10 11:15:00-04:00,9320.191162895735,9320.191162895735
2026-03-10 11:30:00-04:00,9320.191162895735,9320.191162895735
2026-03-10 11:45:00-04:00,9320.191162895735,9320.191162895735
2026-03-10 12:00:00-04:00,9320.191162895735,9320.191162895735
2026-03-10 12:15:00-04:00,9320.191162895735,9320.191162895735
2026-03-10 12:30:00-04:00,9320.191162895735,9320.191162895735
2026-03-10 12:45:00-04:00,9320.191162895735,9320.191162895735
2026-03-10 13:00:00-04:00,9320.191162895735,9320.191162895735
2026-03-10 13:15:00-04:00,9320.191162895735,9320.191162895735
2026-03-10 13:30:00-04:00,9320.191162895735,9320.191162895735
2026-03-10 13:45:00-04:00,9320.191162895735,9320.191162895735
2026-03-10 14:00:00-04:00,9320.191162895735,9320.191162895735
2026-03-10 14:15:00-04:00,9320.191162895735,9320.191162895735
2026-03-10 14:30:00-04:00,9320.191162895735,9320.191162895735
2026-03-10 14:45:00-04:00,9320.191162895735,9320.191162895735
2026-03-10 15:00:00-04:00,9320.191162895735,9320.191162895735
2026-03-10 15:15:00-04:00,9320.191162895735,9320.191162895735
2026-03-10 15:30:00-04:00,9320.191162895735,9320.191162895735
2026-03-10 15:45:00-04:00,9320.191162895735,9320.191162895735
2026-03-11 09:30:00-04:00,9320.191162895735,9320.191162895735
2026-03-11 09:45:00-04:00,9320.191162895735,9320.191162895735
2026-03-11 10:00:00-04:00,9320.191162895735,9320.191162895735
2026-03-11 10:15:00-04:00,9320.191162895735,9320.191162895735
2026-03-11 10:30:00-04:00,9320.191162895735,9320.191162895735
2026-03-11 10:45:00-04:00,9320.191162895735,9320.191162895735
2026-03-11 11:00:00-04:00,9320.191162895735,9320.191162895735
2026-03-11 11:15:00-04:00,9320.191162895735,9320.191162895735
2026-03-11 11:30:00-04:00,9320.191162895735,9320.191162895735
2026-03-11 11:45:00-04:00,9320.191162895735,9320.191162895735
2026-03-11 12:00:00-04:00,9320.191162895735,9320.191162895735
2026-03-11 12:15:00-04:00,9320.191162895735,9320.191162895735
2026-03-11 12:30:00-04:00,9320.191162895735,9320.191162895735
2026-03-11 12:45:00-04:00,9320.191162895735,9320.191162895735
2026-03-11 13:00:00-04:00,9320.191162895735,9320.191162895735
2026-03-11 13:15:00-04:00,9320.191162895735,9320.191162895735
2026-03-11 13:30:00-04:00,9320.191162895735,9320.191162895735
2026-03-11 13:45:00-04:00,9320.191162895735,9320.191162895735
2026-03-11 14:00:00-04:00,9320.191162895735,9320.191162895735
2026-03-11 14:15:00-04:00,9320.191162895735,9320.191162895735
2026-03-11 14:30:00-04:00,9320.191162895735,9320.191162895735
2026-03-11 14:45:00-04:00,9320.191162895735,9320.191162895735
2026-03-11 15:00:00-04:00,9320.191162895735,9320.191162895735
2026-03-11 15:15:00-04:00,9320.191162895735,9320.191162895735
2026-03-11 15:30:00-04:00,9320.191162895735,9320.191162895735
2026-03-11 15:45:00-04:00,9320.191162895735,9320.191162895735
2026-03-12 09:30:00-04:00,9320.191162895735,9320.191162895735
2026-03-12 09:45:00-04:00,9320.191162895735,9320.191162895735
2026-03-12 10:00:00-04:00,9320.191162895735,9320.191162895735
2026-03-12 10:15:00-04:00,9320.191162895735,9320.191162895735
2026-03-12 10:30:00-04:00,9320.191162895735,9320.191162895735
2026-03-12 10:45:00-04:00,9320.191162895735,9320.191162895735
2026-03-12 11:00:00-04:00,9320.191162895735,9320.191162895735
2026-03-12 11:15:00-04:00,9320.191162895735,9320.191162895735
2026-03-12 11:30:00-04:00,9320.191162895735,9320.191162895735
2026-03-12 11:45:00-04:00,9320.191162895735,9320.191162895735
2026-03-12 12:00:00-04:00,9320.191162895735,9320.191162895735
2026-03-12 12:15:00-04:00,9320.191162895735,9320.191162895735
2026-03-12 12:30:00-04:00,9320.191162895735,9320.191162895735
2026-03-12 12:45:00-04:00,9320.191162895735,9320.191162895735
2026-03-12 13:00:00-04:00,9320.191162895735,9320.191162895735
2026-03-12 13:15:00-04:00,9320.191162895735,9320.191162895735
2026-03-12 13:30:00-04:00,9320.191162895735,9320.191162895735
2026-03-12 13:45:00-04:00,9320.191162895735,9320.191162895735
2026-03-12 14:00:00-04:00,9320.191162895735,9320.191162895735
2026-03-12 14:15:00-04:00,9320.191162895735,9320.191162895735
2026-03-12 14:30:00-04:00,9320.191162895735,9320.191162895735
2026-03-12 14:45:00-04:00,9320.191162895735,9320.191162895735
2026-03-12 15:00:00-04:00,9320.191162895735,9320.191162895735
2026-03-12 15:15:00-04:00,9320.191162895735,9320.191162895735
2026-03-12 15:30:00-04:00,9320.191162895735,9320.191162895735
2026-03-12 15:45:00-04:00,9320.191162895735,9320.191162895735
2026-03-13 09:30:00-04:00,9320.191162895735,9320.191162895735
2026-03-13 09:45:00-04:00,9320.191162895735,9320.191162895735
2026-03-13 10:00:00-04:00,9320.191162895735,9320.191162895735
2026-03-13 10:15:00-04:00,9320.191162895735,9320.191162895735
2026-03-13 10:30:00-04:00,9320.191162895735,9320.191162895735
2026-03-13 10:45:00-04:00,9320.191162895735,9320.191162895735
2026-03-13 11:00:00-04:00,9320.191162895735,9320.191162895735
2026-03-13 11:15:00-04:00,9320.191162895735,9320.191162895735
2026-03-13 11:30:00-04:00,9320.191162895735,9320.191162895735
2026-03-13 11:45:00-04:00,9320.191162895735,9320.191162895735
2026-03-13 12:00:00-04:00,9320.191162895735,9320.191162895735
2026-03-13 12:15:00-04:00,9320.191162895735,9320.191162895735
2026-03-13 12:30:00-04:00,9320.191162895735,9320.191162895735
2026-03-13 12:45:00-04:00,9320.191162895735,9320.191162895735
2026-03-13 13:00:00-04:00,9320.191162895735,9320.191162895735
2026-03-13 13:15:00-04:00,9320.191162895735,9320.191162895735
2026-03-13 13:30:00-04:00,9320.191162895735,9320.191162895735
2026-03-13 13:45:00-04:00,9320.191162895735,9320.191162895735
2026-03-13 14:00:00-04:00,9320.191162895735,9320.191162895735
2026-03-13 14:15:00-04:00,9320.191162895735,9320.191162895735
2026-03-13 14:30:00-04:00,9320.191162895735,9320.191162895735
2026-03-13 14:45:00-04:00,9320.191162895735,9320.191162895735
2026-03-13 15:00:00-04:00,9320.191162895735,9320.191162895735
2026-03-13 15:15:00-04:00,9320.191162895735,9320.191162895735
2026-03-13 15:30:00-04:00,9320.191162895735,9320.191162895735
2026-03-13 15:45:00-04:00,9320.191162895735,9320.191162895735
2026-03-16 09:30:00-04:00,9320.191162895735,9320.191162895735
2026-03-16 09:45:00-04:00,9320.191162895735,9320.191162895735
2026-03-16 10:00:00-04:00,9320.191162895735,9320.191162895735
2026-03-16 10:15:00-04:00,9320.191162895735,9320.191162895735
2026-03-16 10:30:00-04:00,9320.191162895735,9320.191162895735
2026-03-16 10:45:00-04:00,9320.191162895735,9320.191162895735
2026-03-16 11:00:00-04:00,9320.191162895735,9320.191162895735
2026-03-16 11:15:00-04:00,9320.191162895735,9320.191162895735
2026-03-16 11:30:00-04:00,9320.191162895735,9320.191162895735
2026-03-16 11:45:00-04:00,9320.191162895735,9320.191162895735
2026-03-16 12:00:00-04:00,9320.191162895735,9320.191162895735
2026-03-16 12:15:00-04:00,9320.191162895735,9320.191162895735
2026-03-16 12:30:00-04:00,9320.191162895735,9320.191162895735
2026-03-16 12:45:00-04:00,9320.191162895735,9320.191162895735
2026-03-16 13:00:00-04:00,9320.191162895735,9320.191162895735
2026-03-16 13:15:00-04:00,9320.191162895735,9320.191162895735
2026-03-16 13:30:00-04:00,9320.191162895735,9320.191162895735
2026-03-16 13:45:00-04:00,9320.191162895735,9320.191162895735
2026-03-16 14:00:00-04:00,9320.191162895735,9320.191162895735
2026-03-16 14:15:00-04:00,9320.191162895735,9320.191162895735
2026-03-16 14:30:00-04:00,9320.191162895735,9320.191162895735
2026-03-16 14:45:00-04:00,9320.191162895735,9320.191162895735
2026-03-16 15:00:00-04:00,9320.191162895735,9320.191162895735
2026-03-16 15:15:00-04:00,9320.191162895735,9320.191162895735
2026-03-16 15:30:00-04:00,9320.191162895735,9320.191162895735
2026-03-16 15:45:00-04:00,9320.191162895735,9320.191162895735
2026-03-17 09:30:00-04:00,9320.191162895735,9320.191162895735
2026-03-17 09:45:00-04:00,9320.191162895735,9320.191162895735
2026-03-17 10:00:00-04:00,9320.191162895735,9320.191162895735
2026-03-17 10:15:00-04:00,9320.191162895735,9320.191162895735
2026-03-17 10:30:00-04:00,9320.191162895735,9320.191162895735
2026-03-17 10:45:00-04:00,9320.191162895735,9320.191162895735
2026-03-17 11:00:00-04:00,9320.191162895735,9320.191162895735
2026-03-17 11:15:00-04:00,9320.191162895735,9320.191162895735
2026-03-17 11:30:00-04:00,9320.191162895735,9320.191162895735
2026-03-17 11:45:00-04:00,9320.191162895735,9320.191162895735
2026-03-17 12:00:00-04:00,9320.191162895735,9320.191162895735
2026-03-17 12:15:00-04:00,9320.191162895735,9320.191162895735
2026-03-17 12:30:00-04:00,9320.191162895735,9320.191162895735
2026-03-17 12:45:00-04:00,9320.191162895735,9320.191162895735
2026-03-17 13:00:00-04:00,9320.191162895735,9320.191162895735
2026-03-17 13:15:00-04:00,9320.191162895735,9320.191162895735
2026-03-17 13:30:00-04:00,9320.191162895735,9320.191162895735
2026-03-17 13:45:00-04:00,9320.191162895735,9320.191162895735
2026-03-17 14:00:00-04:00,9320.191162895735,9320.191162895735
2026-03-17 14:15:00-04:00,9320.191162895735,9320.191162895735
2026-03-17 14:30:00-04:00,9320.191162895735,9320.191162895735
2026-03-17 14:45:00-04:00,9320.191162895735,9320.191162895735
2026-03-17 15:00:00-04:00,9320.191162895735,9320.191162895735
2026-03-17 15:15:00-04:00,9320.191162895735,9320.191162895735
2026-03-17 15:30:00-04:00,9320.191162895735,9320.191162895735
2026-03-17 15:45:00-04:00,9320.191162895735,9320.191162895735
2026-03-18 09:30:00-04:00,9320.191162895735,9320.191162895735
2026-03-18 09:45:00-04:00,9320.191162895735,9320.191162895735
2026-03-18 10:00:00-04:00,9320.191162895735,9320.191162895735
2026-03-18 10:15:00-04:00,9320.191162895735,9320.191162895735
2026-03-18 10:30:00-04:00,9320.191162895735,9320.191162895735
2026-03-18 10:45:00-04:00,9320.191162895735,9320.191162895735
2026-03-18 11:00:00-04:00,9320.191162895735,9320.191162895735
2026-03-18 11:15:00-04:00,9320.191162895735,9320.191162895735
2026-03-18 11:30:00-04:00,9320.191162895735,9320.191162895735
2026-03-18 11:45:00-04:00,9320.191162895735,9320.191162895735
2026-03-18 12:00:00-04:00,9320.191162895735,9320.191162895735
2026-03-18 12:15:00-04:00,9320.191162895735,9320.191162895735
2026-03-18 12:30:00-04:00,9320.191162895735,9320.191162895735
2026-03-18 12:45:00-04:00,9320.191162895735,9320.191162895735
2026-03-18 13:00:00-04:00,9320.191162895735,9320.191162895735
2026-03-18 13:15:00-04:00,9320.191162895735,9320.191162895735
2026-03-18 13:30:00-04:00,9320.191162895735,9320.191162895735
2026-03-18 13:45:00-04:00,9320.191162895735,9320.191162895735
2026-03-18 14:00:00-04:00,9320.191162895735,9320.191162895735
2026-03-18 14:15:00-04:00,9320.191162895735,9320.191162895735
2026-03-18 14:30:00-04:00,9320.191162895735,9320.191162895735
2026-03-18 14:45:00-04:00,9320.191162895735,9320.191162895735
2026-03-18 15:00:00-04:00,9320.191162895735,9320.191162895735
2026-03-18 15:15:00-04:00,9320.191162895735,9320.191162895735
2026-03-18 15:30:00-04:00,9320.191162895735,9320.191162895735
2026-03-18 15:45:00-04:00,9320.191162895735,9320.191162895735
2026-03-19 09:30:00-04:00,9320.191162895735,9320.191162895735
2026-03-19 09:45:00-04:00,9219.191162895735,9458.425825578428
2026-03-19 10:00:00-04:00,9219.191162895735,9446.429609758115
2026-03-19 10:15:00-04:00,9219.191162895735,9279.66001747296
2026-03-19 10:30:00-04:00,9219.191162895735,9377.627058488584
2026-03-19 10:45:00-04:00,9219.191162895735,9432.164839250303
2026-03-19 11:00:00-04:00,9219.191162895735,9585.686811906553
2026-03-19 11:15:00-04:00,9219.191162895735,9364.496565324522
2026-03-19 11:30:00-04:00,9219.191162895735,9243.295332414365
2026-03-19 11:45:00-04:00,9219.191162895735,9395.80631874249
2026-03-19 12:00:00-04:00,9219.191162895735,9383.67448280499
2026-03-19 12:15:00-04:00,9219.191162895735,9383.686811906553
2026-03-19 12:30:00-04:00,9219.191162895735,9413.979414445615
2026-03-19 12:45:00-04:00,9219.191162895735,9348.339277726865
2026-03-19 13:00:00-04:00,9219.191162895735,9185.724592668272
2026-03-19 13:15:00-04:00,9219.191162895735,9332.175825578428
2026-03-19 13:30:00-04:00,9219.191162895735,9284.714949113584
2026-03-19 13:45:00-04:00,9219.191162895735,9340.257551652647
2026-03-19 14:00:00-04:00,9219.191162895735,9473.57829139874
2026-03-19 14:15:00-04:00,9219.191162895735,9381.757307512022
2026-03-19 14:30:00-04:00,9219.191162895735,9282.686811906553
2026-03-19 14:45:00-04:00,9219.191162895735,9474.589277726865
2026-03-19 15:00:00-04:00,9219.191162895735,9836.177168351865
2026-03-19 15:15:00-04:00,9219.191162895735,9684.664839250303
2026-03-19 15:30:00-04:00,9219.191162895735,9663.458784562803
2026-03-19 15:45:00-04:00,9219.191162895735,9628.105085832334
2026-03-20 09:30:00-04:00,9219.191162895735,9364.496565324522
2026-03-20 09:45:00-04:00,8931.208784562803,8931.208784562803
2026-03-20 10:00:00-04:00,8931.208784562803,8931.208784562803
2026-03-20 10:15:00-04:00,8931.208784562803,8931.208784562803
2026-03-20 10:30:00-04:00,8931.208784562803,8931.208784562803
2026-03-20 10:45:00-04:00,8931.208784562803,8931.208784562803
2026-03-20 11:00:00-04:00,8931.208784562803,8931.208784562803
2026-03-20 11:15:00-04:00,8931.208784562803,8931.208784562803
2026-03-20 11:30:00-04:00,8931.208784562803,8931.208784562803
2026-03-20 11:45:00-04:00,8931.208784562803,8931.208784562803
2026-03-20 12:00:00-04:00,8931.208784562803,8931.208784562803
2026-03-20 12:15:00-04:00,8931.208784562803,8931.208784562803
2026-03-20 12:30:00-04:00,8931.208784562803,8931.208784562803
2026-03-20 12:45:00-04:00,8931.208784562803,8931.208784562803
2026-03-20 13:00:00-04:00,8931.208784562803,8931.208784562803
2026-03-20 13:15:00-04:00,8931.208784562803,8931.208784562803
2026-03-20 13:30:00-04:00,8931.208784562803,8931.208784562803
2026-03-20 13:45:00-04:00,8931.208784562803,8931.208784562803
2026-03-20 14:00:00-04:00,8931.208784562803,8931.208784562803
2026-03-20 14:15:00-04:00,8931.208784562803,8931.208784562803
2026-03-20 14:30:00-04:00,8931.208784562803,8931.208784562803
2026-03-20 14:45:00-04:00,8931.208784562803,8931.208784562803
2026-03-20 15:00:00-04:00,8931.208784562803,8931.208784562803
2026-03-20 15:15:00-04:00,8931.208784562803,8931.208784562803
2026-03-20 15:30:00-04:00,8931.208784562803,8931.208784562803
2026-03-20 15:45:00-04:00,8931.208784562803,8931.208784562803
2026-03-23 09:30:00-04:00,8931.208784562803,8931.208784562803
2026-03-23 09:45:00-04:00,8931.208784562803,8931.208784562803
2026-03-23 10:00:00-04:00,8931.208784562803,8931.208784562803
2026-03-23 10:15:00-04:00,8931.208784562803,8931.208784562803
2026-03-23 10:30:00-04:00,8931.208784562803,8931.208784562803
2026-03-23 10:45:00-04:00,8931.208784562803,8931.208784562803
2026-03-23 11:00:00-04:00,8931.208784562803,8931.208784562803
2026-03-23 11:15:00-04:00,8931.208784562803,8931.208784562803
2026-03-23 11:30:00-04:00,8931.208784562803,8931.208784562803
2026-03-23 11:45:00-04:00,8931.208784562803,8931.208784562803
2026-03-23 12:00:00-04:00,8931.208784562803,8931.208784562803
2026-03-23 12:15:00-04:00,8931.208784562803,8931.208784562803
2026-03-23 12:30:00-04:00,8931.208784562803,8931.208784562803
2026-03-23 12:45:00-04:00,8931.208784562803,8931.208784562803
2026-03-23 13:00:00-04:00,8931.208784562803,8931.208784562803
2026-03-23 13:15:00-04:00,8931.208784562803,8931.208784562803
2026-03-23 13:30:00-04:00,8931.208784562803,8931.208784562803
2026-03-23 13:45:00-04:00,8931.208784562803,8931.208784562803
2026-03-23 14:00:00-04:00,8931.208784562803,8931.208784562803
2026-03-23 14:15:00-04:00,8931.208784562803,8931.208784562803
2026-03-23 14:30:00-04:00,8931.208784562803,8931.208784562803
2026-03-23 14:45:00-04:00,8931.208784562803,8931.208784562803
2026-03-23 15:00:00-04:00,8931.208784562803,8931.208784562803
2026-03-23 15:15:00-04:00,8931.208784562803,8931.208784562803
2026-03-23 15:30:00-04:00,8931.208784562803,8931.208784562803
2026-03-23 15:45:00-04:00,8931.208784562803,8931.208784562803
2026-03-24 09:30:00-04:00,8931.208784562803,8931.208784562803
2026-03-24 09:45:00-04:00,8931.208784562803,8931.208784562803
2026-03-24 10:00:00-04:00,8931.208784562803,8931.208784562803
2026-03-24 10:15:00-04:00,8931.208784562803,8931.208784562803
2026-03-24 10:30:00-04:00,8931.208784562803,8931.208784562803
2026-03-24 10:45:00-04:00,8931.208784562803,8931.208784562803
2026-03-24 11:00:00-04:00,8931.208784562803,8931.208784562803
2026-03-24 11:15:00-04:00,8874.208784562803,8970.716918550557
2026-03-24 11:30:00-04:00,8874.208784562803,8974.28637655837
2026-03-24 11:45:00-04:00,8874.208784562803,8908.167907320088
2026-03-24 12:00:00-04:00,8874.208784562803,8899.616515718526
2026-03-24 12:15:00-04:00,8874.208784562803,8957.187072359151
2026-03-24 12:30:00-04:00,8874.208784562803,8900.757628999776
2026-03-24 12:45:00-04:00,8874.208784562803,8891.635680757588
2026-03-24 13:00:00-04:00,8874.208784562803,8763.956237398213
2026-03-24 13:15:00-04:00,8874.208784562803,8779.347350679463
2026-03-24 13:30:00-04:00,8874.208784562803,8737.167907320088
2026-03-24 13:45:00-04:00,8874.208784562803,8838.626098238057
2026-03-24 14:00:00-04:00,8874.208784562803,8831.501098238057
2026-03-24 14:15:00-04:00,8874.208784562803,8861.39965780837
2026-03-24 14:30:00-04:00,8874.208784562803,8911.017211519307
2026-03-24 14:45:00-04:00,8874.208784562803,8883.087768159932
2026-03-24 15:00:00-04:00,8874.208784562803,8937.238463960713
2026-03-24 15:15:00-04:00,8874.208784562803,8869.408324800557
2026-03-24 15:30:00-04:00,8874.208784562803,8834.065124116963
2026-03-24 15:45:00-04:00,8874.208784562803,8803.28637655837
2026-03-25 09:30:00-04:00,8874.208784562803,9126.47192343337
2026-03-25 09:45:00-04:00,8874.208784562803,9013.616515718526
2026-03-25 10:00:00-04:00,8874.208784562803,9133.600402437276
2026-03-25 10:15:00-04:00,8874.208784562803,9163.526794038838
2026-03-25 10:30:00-04:00,8874.208784562803,9180.055541597432
2026-03-25 10:45:00-04:00,8874.208784562803,9169.795959077901
2026-03-25 11:00:00-04:00,8874.208784562803,9038.126098238057
2026-03-25 11:15:00-04:00,8874.208784562803,9091.706237398213
2026-03-25 11:30:00-04:00,8874.208784562803,9014.757628999776
2026-03-25 11:45:00-04:00,8874.208784562803,9027.295959077901
2026-03-25 12:00:00-04:00,8874.208784562803,9001.078185640401
2026-03-25 12:15:00-04:00,8874.208784562803,9074.03637655837
2026-03-25 12:30:00-04:00,8874.208784562803,9105.956237398213
2026-03-25 12:45:00-04:00,8874.208784562803,9082.587768159932
2026-03-25 13:00:00-04:00,8874.208784562803,9075.748046480245
2026-03-25 13:15:00-04:00,8874.208784562803,9097.690124116963
2026-03-25 13:30:00-04:00,8874.208784562803,9147.565124116963
2026-03-25 13:45:00-04:00,8874.208784562803,9091.706237398213
2026-03-25 14:00:00-04:00,8874.208784562803,9093.988463960713
2026-03-25 14:15:00-04:00,8874.208784562803,9074.03637655837
2026-03-25 14:30:00-04:00,8874.208784562803,9052.946654878682
2026-03-25 14:45:00-04:00,8874.208784562803,8993.667907320088
2026-03-25 15:00:00-04:00,8874.208784562803,8990.815124116963
2026-03-25 15:15:00-04:00,8874.208784562803,8992.582458101338
2026-03-25 15:30:00-04:00,8874.208784562803,8976.015441499776
2026-03-25 15:45:00-04:00,8874.208784562803,9019.885680757588
